date,batch_id,product_name,supplier,customer,quantity_produced,quantity_sold,stock_remaining,expiry_date,waste_quantity,defect_count,temperature,delivery_status,delivery_delay_days,revenue,feedback_text,rating
2026-01-16,BATCH-1000,Mixed Salad,Farm D,Supermarket A,1060,370,690,2026-01-22,102,18,2.6,Delivered,3,987.15,Late delivery and poor product freshness,3
2026-04-07,BATCH-1001,Lettuce,Farm B,Restaurant Group,969,443,526,2026-04-10,20,32,3.8,Delayed,0,1334.23,Fresh product and good packaging,3
2026-03-01,BATCH-1002,Lettuce,Farm D,Distributor X,2758,2147,611,2026-03-08,174,2,7.2,Delivered,0,6605.78,Excellent quality and fast delivery,4
2026-01-30,BATCH-1003,Spinach,Farm B,Supermarket A,2563,2161,402,2026-02-02,52,1,6.1,Delivered,3,4164.54,Late delivery and poor product freshness,3
2026-02-10,BATCH-1004,Lettuce,Farm B,Restaurant Group,2155,1685,470,2026-02-17,53,3,3.1,Delivered,1,7098.85,Excellent quality and fast delivery,2
2026-02-26,BATCH-1005,Lettuce,Farm A,Restaurant Group,1195,369,826,2026-03-07,81,23,4.1,Delayed,3,1254.39,Good quality but delivery delay,5
2026-04-14,BATCH-1006,Rucola,Farm D,Supermarket A,264,188,76,2026-04-19,7,23,2.1,Delivered,0,750.06,Delivery was late but product quality was acceptable,1
2026-04-24,BATCH-1007,Lettuce,Farm C,Supermarket A,2478,2188,290,2026-05-03,267,33,2.6,Delivered,2,8403.99,Spoiled leaves and bad smell reported,3
2026-03-16,BATCH-1008,Mixed Salad,Farm C,Supermarket A,2095,825,1270,2026-03-20,100,13,7.1,Delivered,1,1918.91,Packaging was damaged during transport,3
2026-04-20,BATCH-1009,Spinach,Farm B,Supermarket A,406,114,292,2026-04-24,31,38,4.9,Delivered,3,448.51,Spoiled leaves and bad smell reported,5
2026-04-14,BATCH-1010,Baby Leaf,Farm D,Distributor X,740,135,605,2026-04-18,85,27,7.6,Delivered,1,501.78,Clean product and satisfied customer,4
2026-04-01,BATCH-1011,Lettuce,Farm B,Restaurant Group,1843,1679,164,2026-04-05,127,27,4.1,Delayed,0,4117.69,Good quality but delivery delay,4
2026-02-11,BATCH-1012,Mixed Salad,Farm A,Restaurant Group,1968,1382,586,2026-02-17,224,23,7.7,Delayed,3,4582.39,Good quality but delivery delay,4
2026-01-06,BATCH-1013,Spinach,Farm D,Restaurant Group,2053,1620,433,2026-01-14,112,36,3.7,Delivered,2,5886.23,Excellent quality and fast delivery,4
2026-03-06,BATCH-1014,Rucola,Farm A,Distributor X,1054,835,219,2026-03-13,129,25,7.9,Delayed,2,3216.82,Late delivery and poor product freshness,3
2026-04-12,BATCH-1015,Baby Leaf,Farm D,Restaurant Group,966,393,573,2026-04-19,138,15,7.0,Delayed,2,846.06,Delivery was late but product quality was acceptable,4
2026-03-01,BATCH-1016,Mixed Salad,Farm C,Distributor X,2155,1469,686,2026-03-06,198,32,4.4,Delivered,1,6510.59,Good quality but delivery delay,1
2026-03-10,BATCH-1017,Spinach,Farm C,Distributor X,2398,1538,860,2026-03-15,143,25,7.9,Delayed,3,3711.04,Fresh product and good packaging,4
2026-02-19,BATCH-1018,Rucola,Farm A,Distributor X,1383,1114,269,2026-02-23,47,15,7.4,Delayed,1,4711.73,Late delivery and poor product freshness,4
2026-02-13,BATCH-1019,Lettuce,Farm B,Distributor X,1848,1543,305,2026-02-22,98,24,2.0,Delayed,1,5277.94,Clean product and satisfied customer,3
2026-02-08,BATCH-1020,Lettuce,Farm A,Restaurant Group,1156,260,896,2026-02-14,47,19,4.2,Delayed,2,1046.06,Fresh product and good packaging,4
2026-03-01,BATCH-1021,Baby Leaf,Farm C,Restaurant Group,669,474,195,2026-03-10,26,26,6.8,Delayed,0,1668.08,Fresh product and good packaging,5
2026-02-27,BATCH-1022,Lettuce,Farm C,Supermarket A,1015,758,257,2026-03-08,16,27,4.8,Delayed,0,3480.91,Good quality but delivery delay,5
2026-04-05,BATCH-1023,Baby Leaf,Farm C,Distributor X,2744,401,2343,2026-04-10,115,20,3.1,Delivered,3,1282.59,Excellent quality and fast delivery,1
2026-01-13,BATCH-1024,Spinach,Farm C,Restaurant Group,1958,665,1293,2026-01-22,113,31,6.0,Delivered,1,1589.07,Very fresh and reliable supplier,2
2026-01-29,BATCH-1025,Rucola,Farm A,Distributor X,984,203,781,2026-02-05,38,28,3.8,Delayed,2,486.54,Late delivery and poor product freshness,5
2026-02-28,BATCH-1026,Rucola,Farm D,Supermarket A,1729,1002,727,2026-03-05,141,11,7.3,Delivered,3,3533.08,Packaging was damaged during transport,3
2026-04-04,BATCH-1027,Baby Leaf,Farm B,Restaurant Group,774,289,485,2026-04-07,85,5,3.8,Delivered,3,763.91,Late delivery and poor product freshness,5
2026-02-28,BATCH-1028,Lettuce,Farm B,Supermarket A,204,202,2,2026-03-09,19,29,5.2,Delivered,3,816.35,Excellent quality and fast delivery,4
2026-01-13,BATCH-1029,Rucola,Farm D,Distributor X,1893,1782,111,2026-01-17,91,25,2.2,Delivered,1,7887.01,Good quality but delivery delay,4
2026-01-02,BATCH-1030,Spinach,Farm A,Distributor X,1864,1181,683,2026-01-05,95,24,6.0,Delivered,0,5718.44,Packaging was damaged during transport,5
2026-04-07,BATCH-1031,Mixed Salad,Farm A,Restaurant Group,2494,253,2241,2026-04-09,284,13,2.6,Delivered,0,655.26,Poor freshness and damaged packaging,5
2026-02-12,BATCH-1032,Lettuce,Farm A,Restaurant Group,2465,650,1815,2026-02-19,356,22,2.3,Delayed,0,2992.2,Poor freshness and damaged packaging,2
2026-04-10,BATCH-1033,Rucola,Farm D,Supermarket A,2689,1731,958,2026-04-16,3,15,2.4,Delivered,1,2757.12,Poor freshness and damaged packaging,4
2026-03-10,BATCH-1034,Rucola,Farm A,Distributor X,2627,1668,959,2026-03-14,100,11,4.3,Delivered,3,7787.44,Excellent quality and fast delivery,5
2026-01-04,BATCH-1035,Rucola,Farm B,Supermarket A,953,134,819,2026-01-07,89,33,3.6,Delivered,3,525.97,Excellent quality and fast delivery,5
2026-02-13,BATCH-1036,Lettuce,Farm A,Supermarket A,612,475,137,2026-02-19,35,9,4.5,Delayed,3,1669.97,Delivery was late but product quality was acceptable,4
2026-02-06,BATCH-1037,Baby Leaf,Farm D,Supermarket A,1208,195,1013,2026-02-14,12,22,6.5,Delivered,1,908.49,Poor freshness and damaged packaging,1
2026-02-02,BATCH-1038,Mixed Salad,Farm A,Supermarket A,596,286,310,2026-02-04,18,11,4.1,Delayed,1,1106.45,Poor freshness and damaged packaging,3
2026-01-08,BATCH-1039,Baby Leaf,Farm C,Supermarket A,343,216,127,2026-01-13,20,35,7.7,Delayed,0,409.78,Spoiled leaves and bad smell reported,2
2026-03-02,BATCH-1040,Baby Leaf,Farm C,Distributor X,2645,733,1912,2026-03-08,234,10,2.7,Delayed,0,3053.16,Fresh product and good packaging,5
2026-01-17,BATCH-1041,Baby Leaf,Farm D,Restaurant Group,1742,1297,445,2026-01-19,121,1,2.5,Delivered,1,6424.35,Fresh product and good packaging,4
2026-04-12,BATCH-1042,Rucola,Farm A,Restaurant Group,710,426,284,2026-04-17,30,18,6.7,Delayed,2,1271.52,Very fresh and reliable supplier,3
2026-03-21,BATCH-1043,Spinach,Farm D,Restaurant Group,372,240,132,2026-03-24,19,27,6.6,Delivered,0,985.14,Delivery was late but product quality was acceptable,5
2026-01-27,BATCH-1044,Lettuce,Farm A,Supermarket A,389,290,99,2026-02-05,32,37,4.6,Delayed,3,1427.57,Spoiled leaves and bad smell reported,5
2026-02-13,BATCH-1045,Mixed Salad,Farm D,Supermarket A,1452,1350,102,2026-02-16,46,13,3.8,Delivered,0,5317.97,Delivery was late but product quality was acceptable,1
2026-02-13,BATCH-1046,Lettuce,Farm D,Supermarket A,1235,835,400,2026-02-22,121,27,5.9,Delayed,1,1922.91,Spoiled leaves and bad smell reported,1
2026-01-19,BATCH-1047,Rucola,Farm A,Supermarket A,2146,601,1545,2026-01-25,211,12,6.1,Delivered,0,2817.64,Clean product and satisfied customer,2
2026-01-04,BATCH-1048,Rucola,Farm B,Restaurant Group,455,296,159,2026-01-13,29,4,2.2,Delivered,1,1283.73,Fresh product and good packaging,3
2026-02-03,BATCH-1049,Mixed Salad,Farm C,Supermarket A,262,185,77,2026-02-09,32,33,2.2,Delivered,0,286.35,Packaging was damaged during transport,4
2026-02-07,BATCH-1050,Mixed Salad,Farm A,Distributor X,2956,1768,1188,2026-02-13,52,36,6.5,Delivered,0,4143.83,Good quality but delivery delay,1
2026-03-09,BATCH-1051,Lettuce,Farm B,Supermarket A,884,816,68,2026-03-11,31,33,4.1,Delayed,2,3142.01,Excellent quality and fast delivery,3
2026-03-10,BATCH-1052,Lettuce,Farm A,Restaurant Group,467,153,314,2026-03-17,56,16,2.8,Delivered,2,633.88,Spoiled leaves and bad smell reported,2
2026-02-13,BATCH-1053,Lettuce,Farm B,Restaurant Group,634,202,432,2026-02-16,81,29,5.3,Delivered,2,816.56,Good quality but delivery delay,1
2026-01-31,BATCH-1054,Spinach,Farm C,Supermarket A,1558,1119,439,2026-02-06,28,3,4.8,Delivered,1,4689.97,Poor freshness and damaged packaging,5
2026-03-26,BATCH-1055,Baby Leaf,Farm B,Distributor X,2300,1573,727,2026-03-30,239,10,2.5,Delivered,2,3064.46,Clean product and satisfied customer,4
2026-01-15,BATCH-1056,Mixed Salad,Farm D,Distributor X,1919,380,1539,2026-01-19,92,31,3.0,Delayed,2,624.36,Spoiled leaves and bad smell reported,2
2026-01-27,BATCH-1057,Baby Leaf,Farm B,Supermarket A,881,633,248,2026-02-02,11,25,7.4,Delivered,1,1680.84,Good quality but delivery delay,2
2026-03-13,BATCH-1058,Mixed Salad,Farm C,Supermarket A,1344,313,1031,2026-03-15,25,35,6.8,Delivered,2,671.64,Late delivery and poor product freshness,2
2026-04-01,BATCH-1059,Spinach,Farm B,Distributor X,2325,464,1861,2026-04-10,6,2,7.4,Delayed,2,1560.15,Excellent quality and fast delivery,2
2026-03-22,BATCH-1060,Rucola,Farm C,Supermarket A,2986,2006,980,2026-03-27,201,38,3.9,Delivered,1,5308.36,Good quality but delivery delay,1
2026-04-16,BATCH-1061,Spinach,Farm C,Supermarket A,2272,1703,569,2026-04-22,145,35,5.2,Delayed,2,6997.69,Fresh product and good packaging,4
2026-02-05,BATCH-1062,Lettuce,Farm B,Restaurant Group,2672,1641,1031,2026-02-09,314,5,5.6,Delivered,0,3046.09,Clean product and satisfied customer,4
2026-01-25,BATCH-1063,Rucola,Farm C,Distributor X,2597,1730,867,2026-01-29,30,39,6.2,Delayed,2,8023.98,Poor freshness and damaged packaging,4
2026-02-13,BATCH-1064,Rucola,Farm B,Restaurant Group,203,178,25,2026-02-17,29,1,5.3,Delayed,1,441.43,Spoiled leaves and bad smell reported,2
2026-01-01,BATCH-1065,Rucola,Farm D,Supermarket A,2010,823,1187,2026-01-06,46,0,5.7,Delayed,1,2908.76,Poor freshness and damaged packaging,5
2026-01-12,BATCH-1066,Spinach,Farm D,Restaurant Group,2506,1001,1505,2026-01-18,137,1,3.9,Delayed,3,2393.63,Spoiled leaves and bad smell reported,1
2026-04-12,BATCH-1067,Mixed Salad,Farm B,Distributor X,2194,2043,151,2026-04-14,68,13,7.6,Delivered,0,4530.37,Delivery was late but product quality was acceptable,3
2026-04-28,BATCH-1068,Lettuce,Farm D,Supermarket A,1519,1443,76,2026-05-07,10,36,3.2,Delayed,2,2994.12,Spoiled leaves and bad smell reported,3
2026-02-10,BATCH-1069,Rucola,Farm A,Restaurant Group,2821,231,2590,2026-02-12,401,39,4.7,Delayed,1,1073.88,Clean product and satisfied customer,1
2026-04-06,BATCH-1070,Rucola,Farm A,Supermarket A,774,242,532,2026-04-08,110,1,5.3,Delayed,3,891.73,Delivery was late but product quality was acceptable,3
2026-04-22,BATCH-1071,Lettuce,Farm C,Distributor X,1402,653,749,2026-04-28,32,29,7.4,Delayed,0,1326.15,Fresh product and good packaging,5
2026-01-18,BATCH-1072,Lettuce,Farm B,Restaurant Group,1150,388,762,2026-01-21,4,9,4.1,Delayed,0,732.24,Poor freshness and damaged packaging,5
2026-01-31,BATCH-1073,Lettuce,Farm D,Supermarket A,2262,2194,68,2026-02-03,94,35,5.3,Delivered,2,5945.6,Very fresh and reliable supplier,2
2026-03-14,BATCH-1074,Spinach,Farm A,Restaurant Group,562,495,67,2026-03-17,59,11,2.6,Delayed,3,2111.32,Spoiled leaves and bad smell reported,2
2026-01-06,BATCH-1075,Rucola,Farm B,Distributor X,803,477,326,2026-01-12,77,39,7.0,Delivered,2,920.53,Spoiled leaves and bad smell reported,5
2026-01-29,BATCH-1076,Rucola,Farm A,Distributor X,1845,519,1326,2026-02-05,54,39,5.6,Delivered,0,2130.43,Very fresh and reliable supplier,4
2026-03-03,BATCH-1077,Rucola,Farm C,Distributor X,316,253,63,2026-03-08,24,25,7.5,Delayed,2,686.73,Excellent quality and fast delivery,3
2026-04-12,BATCH-1078,Mixed Salad,Farm D,Distributor X,2887,1038,1849,2026-04-16,181,23,5.5,Delayed,1,1680.08,Fresh product and good packaging,1
2026-03-31,BATCH-1079,Spinach,Farm D,Restaurant Group,262,249,13,2026-04-06,6,16,7.8,Delivered,3,734.84,Late delivery and poor product freshness,1
2026-02-17,BATCH-1080,Baby Leaf,Farm B,Distributor X,1992,1859,133,2026-02-21,210,31,4.8,Delivered,0,5246.17,Late delivery and poor product freshness,3
2026-04-11,BATCH-1081,Mixed Salad,Farm C,Restaurant Group,968,689,279,2026-04-14,112,29,5.4,Delivered,3,1472.22,Packaging was damaged during transport,3
2026-03-28,BATCH-1082,Mixed Salad,Farm B,Restaurant Group,977,557,420,2026-04-02,86,27,7.0,Delivered,0,1630.87,Good quality but delivery delay,3
2026-01-31,BATCH-1083,Baby Leaf,Farm D,Restaurant Group,2206,1890,316,2026-02-02,238,36,3.1,Delivered,3,4410.58,Excellent quality and fast delivery,3
2026-01-23,BATCH-1084,Mixed Salad,Farm D,Supermarket A,1311,1201,110,2026-01-30,141,30,3.9,Delayed,2,4463.33,Fresh product and good packaging,5
2026-04-10,BATCH-1085,Baby Leaf,Farm D,Restaurant Group,1114,647,467,2026-04-13,128,4,4.1,Delayed,2,1830.31,Packaging was damaged during transport,4
2026-04-09,BATCH-1086,Rucola,Farm B,Supermarket A,2508,904,1604,2026-04-14,354,21,6.7,Delivered,1,3146.12,Packaging was damaged during transport,1
2026-01-05,BATCH-1087,Spinach,Farm A,Supermarket A,2773,620,2153,2026-01-13,200,21,7.0,Delayed,1,2070.75,Excellent quality and fast delivery,5
2026-02-13,BATCH-1088,Lettuce,Farm A,Restaurant Group,2375,2189,186,2026-02-16,16,36,5.9,Delayed,3,4865.0,Very fresh and reliable supplier,5
2026-04-02,BATCH-1089,Spinach,Farm D,Supermarket A,845,830,15,2026-04-04,52,6,5.4,Delivered,1,2419.73,Very fresh and reliable supplier,2
2026-03-06,BATCH-1090,Baby Leaf,Farm D,Distributor X,1586,918,668,2026-03-09,28,20,7.0,Delivered,3,4318.55,Packaging was damaged during transport,3
2026-03-06,BATCH-1091,Baby Leaf,Farm D,Supermarket A,297,154,143,2026-03-09,35,19,3.0,Delayed,2,687.21,Excellent quality and fast delivery,1
2026-04-03,BATCH-1092,Rucola,Farm D,Supermarket A,1724,172,1552,2026-04-05,216,39,4.6,Delivered,2,751.1,Spoiled leaves and bad smell reported,4
2026-03-16,BATCH-1093,Spinach,Farm D,Distributor X,1658,1601,57,2026-03-22,43,16,7.7,Delivered,0,3438.89,Late delivery and poor product freshness,3
2026-04-21,BATCH-1094,Baby Leaf,Farm B,Restaurant Group,2908,1850,1058,2026-04-30,24,17,4.9,Delivered,2,9170.15,Very fresh and reliable supplier,2
2026-04-13,BATCH-1095,Spinach,Farm A,Restaurant Group,910,500,410,2026-04-16,134,13,2.7,Delivered,0,1087.05,Late delivery and poor product freshness,2
2026-03-01,BATCH-1096,Spinach,Farm C,Restaurant Group,926,576,350,2026-03-06,102,16,5.9,Delayed,2,1994.33,Excellent quality and fast delivery,3
2026-03-23,BATCH-1097,Spinach,Farm C,Distributor X,1394,1035,359,2026-03-28,38,14,6.8,Delayed,0,3949.35,Excellent quality and fast delivery,1
2026-04-13,BATCH-1098,Lettuce,Farm B,Restaurant Group,692,525,167,2026-04-21,98,33,2.1,Delivered,0,1759.42,Delivery was late but product quality was acceptable,3
2026-03-21,BATCH-1099,Rucola,Farm A,Restaurant Group,1013,128,885,2026-03-27,15,9,2.6,Delivered,2,426.09,Fresh product and good packaging,1
2026-04-26,BATCH-1100,Spinach,Farm D,Restaurant Group,1365,475,890,2026-05-03,36,24,3.7,Delivered,1,787.48,Fresh product and good packaging,1
2026-01-31,BATCH-1101,Spinach,Farm A,Supermarket A,1163,286,877,2026-02-06,170,5,7.9,Delivered,1,1030.4,Excellent quality and fast delivery,1
2026-02-17,BATCH-1102,Mixed Salad,Farm D,Supermarket A,2811,871,1940,2026-02-25,309,9,2.3,Delivered,1,1418.48,Very fresh and reliable supplier,3
2025-12-30,BATCH-1103,Rucola,Farm A,Distributor X,1996,153,1843,2026-01-04,240,34,6.5,Delayed,0,311.91,Delivery was late but product quality was acceptable,5
2025-12-30,BATCH-1104,Rucola,Farm D,Restaurant Group,1092,188,904,2026-01-05,97,10,7.3,Delivered,2,367.22,Good quality but delivery delay,3
2026-04-04,BATCH-1105,Spinach,Farm A,Distributor X,2985,1455,1530,2026-04-13,24,4,6.4,Delayed,3,3469.12,Clean product and satisfied customer,3
2026-04-24,BATCH-1106,Baby Leaf,Farm D,Supermarket A,1399,1013,386,2026-04-29,196,12,7.1,Delayed,0,3223.42,Delivery was late but product quality was acceptable,2
2026-02-21,BATCH-1107,Spinach,Farm D,Distributor X,1791,1163,628,2026-02-27,236,32,7.3,Delivered,3,4424.73,Fresh product and good packaging,3
2026-03-01,BATCH-1108,Mixed Salad,Farm A,Supermarket A,1904,880,1024,2026-03-07,169,35,5.7,Delayed,3,1808.5,Very fresh and reliable supplier,1
2026-01-04,BATCH-1109,Spinach,Farm B,Distributor X,1254,634,620,2026-01-10,157,38,3.0,Delayed,1,2797.51,Packaging was damaged during transport,2
2026-01-23,BATCH-1110,Mixed Salad,Farm A,Supermarket A,1748,1169,579,2026-01-25,222,33,5.8,Delayed,0,4944.24,Clean product and satisfied customer,3
2026-03-30,BATCH-1111,Spinach,Farm C,Distributor X,785,332,453,2026-04-06,36,28,6.7,Delayed,3,1393.73,Poor freshness and damaged packaging,3
2026-02-24,BATCH-1112,Rucola,Farm B,Restaurant Group,1240,623,617,2026-02-26,21,25,2.4,Delayed,1,3093.52,Poor freshness and damaged packaging,3
2026-01-20,BATCH-1113,Lettuce,Farm C,Supermarket A,1147,480,667,2026-01-24,32,5,4.2,Delayed,2,1144.21,Packaging was damaged during transport,2
2026-01-21,BATCH-1114,Baby Leaf,Farm D,Supermarket A,1653,837,816,2026-01-25,140,38,5.2,Delivered,0,2129.59,Excellent quality and fast delivery,4
2026-04-07,BATCH-1115,Lettuce,Farm D,Supermarket A,1762,948,814,2026-04-13,83,5,6.6,Delivered,2,2457.06,Very fresh and reliable supplier,4
2026-03-22,BATCH-1116,Rucola,Farm A,Restaurant Group,2180,1955,225,2026-03-30,207,26,7.8,Delayed,0,8876.05,Spoiled leaves and bad smell reported,3
2026-03-14,BATCH-1117,Lettuce,Farm A,Restaurant Group,2235,448,1787,2026-03-18,45,14,4.9,Delayed,2,868.29,Poor freshness and damaged packaging,4
2026-04-20,BATCH-1118,Lettuce,Farm C,Restaurant Group,1901,1116,785,2026-04-27,116,1,6.8,Delivered,3,3452.09,Late delivery and poor product freshness,5
2026-04-11,BATCH-1119,Spinach,Farm B,Distributor X,2213,1443,770,2026-04-19,165,31,5.9,Delivered,0,6975.85,Good quality but delivery delay,3
2026-02-02,BATCH-1120,Lettuce,Farm A,Restaurant Group,1311,500,811,2026-02-11,79,21,3.3,Delivered,1,2107.66,Excellent quality and fast delivery,4
2026-01-22,BATCH-1121,Rucola,Farm A,Supermarket A,201,196,5,2026-01-29,0,12,2.5,Delayed,2,385.04,Packaging was damaged during transport,2
2026-03-14,BATCH-1122,Spinach,Farm B,Distributor X,2369,242,2127,2026-03-19,304,39,5.8,Delivered,2,389.75,Clean product and satisfied customer,1
2026-01-16,BATCH-1123,Rucola,Farm B,Restaurant Group,2470,1539,931,2026-01-21,317,19,4.0,Delivered,2,2740.04,Poor freshness and damaged packaging,4
2026-04-23,BATCH-1124,Mixed Salad,Farm C,Supermarket A,221,125,96,2026-04-28,13,10,6.3,Delayed,2,472.0,Good quality but delivery delay,5
2026-01-04,BATCH-1125,Lettuce,Farm A,Supermarket A,2369,849,1520,2026-01-12,308,31,5.0,Delayed,1,3410.61,Clean product and satisfied customer,5
2026-01-23,BATCH-1126,Mixed Salad,Farm C,Restaurant Group,511,460,51,2026-01-27,34,28,4.5,Delivered,0,2043.13,Fresh product and good packaging,5
2026-03-29,BATCH-1127,Lettuce,Farm A,Restaurant Group,2177,1056,1121,2026-04-03,151,31,5.5,Delayed,0,3045.82,Poor freshness and damaged packaging,2
2026-02-09,BATCH-1128,Spinach,Farm C,Distributor X,1641,1031,610,2026-02-12,245,11,4.3,Delayed,3,4563.2,Fresh product and good packaging,3
2026-04-03,BATCH-1129,Spinach,Farm D,Restaurant Group,2347,577,1770,2026-04-10,1,36,7.1,Delivered,0,1364.78,Late delivery and poor product freshness,1
2026-02-04,BATCH-1130,Rucola,Farm C,Supermarket A,329,169,160,2026-02-06,27,1,7.1,Delivered,2,601.55,Late delivery and poor product freshness,4
2026-03-15,BATCH-1131,Spinach,Farm A,Restaurant Group,2534,729,1805,2026-03-20,349,0,4.7,Delayed,2,3513.81,Good quality but delivery delay,4
2026-04-01,BATCH-1132,Lettuce,Farm A,Supermarket A,2156,2120,36,2026-04-03,119,27,7.2,Delayed,3,7186.1,Poor freshness and damaged packaging,2
2026-02-10,BATCH-1133,Baby Leaf,Farm D,Restaurant Group,1168,610,558,2026-02-16,0,34,4.7,Delivered,2,1589.99,Fresh product and good packaging,3
2026-02-10,BATCH-1134,Lettuce,Farm A,Restaurant Group,1235,589,646,2026-02-19,42,33,3.9,Delivered,0,2079.4,Late delivery and poor product freshness,3
2026-03-10,BATCH-1135,Lettuce,Farm C,Restaurant Group,1118,527,591,2026-03-16,51,15,7.6,Delayed,2,1090.01,Spoiled leaves and bad smell reported,1
2025-12-31,BATCH-1136,Baby Leaf,Farm C,Restaurant Group,1999,768,1231,2026-01-08,289,0,7.0,Delayed,2,2988.57,Excellent quality and fast delivery,2
2026-04-12,BATCH-1137,Rucola,Farm D,Distributor X,502,331,171,2026-04-21,45,3,6.1,Delivered,2,1259.82,Spoiled leaves and bad smell reported,5
2026-01-14,BATCH-1138,Rucola,Farm A,Supermarket A,1209,803,406,2026-01-16,175,12,6.7,Delivered,2,3279.91,Poor freshness and damaged packaging,2
2026-01-17,BATCH-1139,Spinach,Farm B,Supermarket A,693,118,575,2026-01-19,22,18,7.2,Delivered,3,299.61,Packaging was damaged during transport,1
2026-02-03,BATCH-1140,Baby Leaf,Farm C,Supermarket A,910,242,668,2026-02-05,48,31,4.2,Delayed,1,425.0,Delivery was late but product quality was acceptable,2
2026-02-22,BATCH-1141,Spinach,Farm D,Restaurant Group,1226,184,1042,2026-03-01,155,28,4.0,Delayed,0,532.84,Spoiled leaves and bad smell reported,4
2026-01-19,BATCH-1142,Spinach,Farm D,Distributor X,242,186,56,2026-01-23,20,22,4.6,Delayed,2,325.4,Good quality but delivery delay,4
2026-02-13,BATCH-1143,Lettuce,Farm A,Supermarket A,250,114,136,2026-02-20,18,33,3.0,Delayed,3,379.71,Delivery was late but product quality was acceptable,2
2026-03-24,BATCH-1144,Spinach,Farm A,Supermarket A,2917,1781,1136,2026-03-29,89,24,5.1,Delivered,2,8028.67,Packaging was damaged during transport,5
2026-03-29,BATCH-1145,Spinach,Farm D,Restaurant Group,2559,544,2015,2026-04-06,309,0,4.2,Delivered,1,1029.83,Packaging was damaged during transport,5
2026-02-02,BATCH-1146,Rucola,Farm C,Restaurant Group,1443,1149,294,2026-02-11,121,7,6.6,Delivered,1,2751.58,Poor freshness and damaged packaging,2
2026-04-05,BATCH-1147,Mixed Salad,Farm D,Restaurant Group,2778,245,2533,2026-04-07,241,4,3.0,Delivered,3,1107.35,Packaging was damaged during transport,5
2026-02-07,BATCH-1148,Baby Leaf,Farm C,Distributor X,861,531,330,2026-02-12,10,9,3.5,Delivered,0,905.14,Good quality but delivery delay,2
2026-02-24,BATCH-1149,Baby Leaf,Farm B,Distributor X,2026,362,1664,2026-02-27,124,38,6.3,Delivered,2,975.16,Delivery was late but product quality was acceptable,4
2026-01-29,BATCH-1150,Baby Leaf,Farm B,Supermarket A,1325,653,672,2026-01-31,163,2,4.4,Delivered,2,1764.71,Packaging was damaged during transport,4
2026-04-16,BATCH-1151,Baby Leaf,Farm D,Distributor X,2808,1055,1753,2026-04-25,148,7,7.3,Delayed,2,3550.45,Very fresh and reliable supplier,3
2026-02-02,BATCH-1152,Lettuce,Farm B,Restaurant Group,1353,826,527,2026-02-04,34,33,4.7,Delayed,3,2917.15,Very fresh and reliable supplier,4
2026-02-19,BATCH-1153,Rucola,Farm C,Restaurant Group,2068,1600,468,2026-02-26,157,15,2.0,Delayed,3,7894.92,Delivery was late but product quality was acceptable,5
2026-04-06,BATCH-1154,Baby Leaf,Farm D,Supermarket A,547,214,333,2026-04-08,29,20,2.6,Delayed,1,911.14,Fresh product and good packaging,5
2026-04-13,BATCH-1155,Spinach,Farm A,Restaurant Group,2707,1623,1084,2026-04-18,150,1,4.3,Delayed,2,3792.45,Fresh product and good packaging,3
2026-02-21,BATCH-1156,Spinach,Farm C,Restaurant Group,1403,1319,84,2026-02-25,149,14,8.0,Delivered,3,2941.09,Fresh product and good packaging,2
2026-03-22,BATCH-1157,Mixed Salad,Farm B,Restaurant Group,793,528,265,2026-03-29,77,5,2.8,Delivered,3,2305.02,Spoiled leaves and bad smell reported,3
2026-02-22,BATCH-1158,Spinach,Farm B,Restaurant Group,329,262,67,2026-03-03,9,24,5.5,Delivered,1,680.69,Fresh product and good packaging,5
2026-03-08,BATCH-1159,Rucola,Farm A,Supermarket A,2730,2060,670,2026-03-11,391,20,2.2,Delivered,2,10034.06,Poor freshness and damaged packaging,2
2026-01-26,BATCH-1160,Baby Leaf,Farm C,Restaurant Group,2051,546,1505,2026-01-29,59,22,2.9,Delivered,0,2311.04,Very fresh and reliable supplier,1
2026-04-27,BATCH-1161,Baby Leaf,Farm C,Distributor X,2629,789,1840,2026-04-29,82,8,2.9,Delivered,3,2020.99,Delivery was late but product quality was acceptable,4
2026-01-22,BATCH-1162,Rucola,Farm A,Distributor X,1995,1738,257,2026-01-27,220,35,5.2,Delivered,1,3402.11,Poor freshness and damaged packaging,5
2026-01-20,BATCH-1163,Lettuce,Farm B,Restaurant Group,2766,2302,464,2026-01-28,228,21,7.8,Delivered,1,4531.06,Spoiled leaves and bad smell reported,5
2026-04-19,BATCH-1164,Baby Leaf,Farm A,Supermarket A,2111,1546,565,2026-04-25,241,20,3.2,Delivered,0,2549.69,Fresh product and good packaging,3
2026-01-06,BATCH-1165,Baby Leaf,Farm D,Distributor X,899,494,405,2026-01-12,25,3,7.2,Delayed,3,1867.81,Delivery was late but product quality was acceptable,1
2026-01-26,BATCH-1166,Spinach,Farm A,Restaurant Group,1659,1545,114,2026-02-01,112,16,6.0,Delivered,0,6691.54,Fresh product and good packaging,2
2026-01-05,BATCH-1167,Lettuce,Farm C,Distributor X,2479,888,1591,2026-01-08,263,21,5.8,Delivered,0,1539.15,Late delivery and poor product freshness,5
2026-02-05,BATCH-1168,Lettuce,Farm A,Distributor X,2828,1539,1289,2026-02-11,7,12,2.2,Delivered,2,5858.39,Delivery was late but product quality was acceptable,3
2026-04-05,BATCH-1169,Baby Leaf,Farm D,Restaurant Group,1868,247,1621,2026-04-13,227,10,7.8,Delivered,2,1048.13,Delivery was late but product quality was acceptable,3
2026-03-02,BATCH-1170,Spinach,Farm B,Distributor X,1484,872,612,2026-03-11,111,27,7.4,Delayed,3,2003.38,Good quality but delivery delay,2
2026-02-09,BATCH-1171,Rucola,Farm A,Supermarket A,1162,935,227,2026-02-12,118,9,6.8,Delayed,2,4609.45,Clean product and satisfied customer,5
2026-03-07,BATCH-1172,Lettuce,Farm B,Distributor X,2407,1411,996,2026-03-10,270,16,7.6,Delivered,0,3954.45,Very fresh and reliable supplier,1
2026-01-05,BATCH-1173,Baby Leaf,Farm D,Distributor X,2661,2103,558,2026-01-12,112,20,3.7,Delayed,1,9494.61,Fresh product and good packaging,4
2026-01-14,BATCH-1174,Lettuce,Farm D,Distributor X,2396,2027,369,2026-01-23,85,21,7.9,Delayed,3,3346.8,Excellent quality and fast delivery,2
2026-03-31,BATCH-1175,Spinach,Farm C,Distributor X,412,382,30,2026-04-04,22,23,4.1,Delayed,2,1586.69,Fresh product and good packaging,3
2026-02-25,BATCH-1176,Baby Leaf,Farm B,Distributor X,1853,118,1735,2026-03-02,127,36,3.0,Delayed,1,180.85,Fresh product and good packaging,4
2026-04-24,BATCH-1177,Lettuce,Farm D,Distributor X,714,548,166,2026-05-03,63,33,3.2,Delayed,0,2228.03,Packaging was damaged during transport,3
2026-04-02,BATCH-1178,Rucola,Farm D,Restaurant Group,2359,1136,1223,2026-04-05,89,11,6.5,Delayed,0,5513.3,Good quality but delivery delay,4
2026-02-13,BATCH-1179,Mixed Salad,Farm A,Restaurant Group,1978,1858,120,2026-02-18,110,3,6.3,Delayed,1,6643.57,Spoiled leaves and bad smell reported,5
2026-03-06,BATCH-1180,Baby Leaf,Farm B,Restaurant Group,2223,970,1253,2026-03-13,259,19,4.4,Delivered,3,3186.82,Delivery was late but product quality was acceptable,5
2026-02-08,BATCH-1181,Lettuce,Farm D,Restaurant Group,2945,1178,1767,2026-02-17,161,29,6.8,Delivered,3,5168.68,Fresh product and good packaging,3
2026-04-07,BATCH-1182,Lettuce,Farm B,Restaurant Group,863,208,655,2026-04-14,116,30,7.0,Delivered,3,583.88,Packaging was damaged during transport,1
2026-03-05,BATCH-1183,Lettuce,Farm A,Distributor X,2728,1269,1459,2026-03-10,250,10,6.4,Delayed,0,2674.01,Clean product and satisfied customer,4
2026-04-09,BATCH-1184,Mixed Salad,Farm C,Restaurant Group,1975,1170,805,2026-04-17,77,10,6.4,Delayed,3,2586.02,Poor freshness and damaged packaging,5
2026-04-19,BATCH-1185,Baby Leaf,Farm C,Supermarket A,2297,1894,403,2026-04-26,253,5,5.1,Delivered,2,9076.76,Very fresh and reliable supplier,3
2026-03-14,BATCH-1186,Baby Leaf,Farm A,Supermarket A,1121,1110,11,2026-03-19,48,20,4.7,Delivered,3,2183.57,Poor freshness and damaged packaging,2
2026-03-25,BATCH-1187,Lettuce,Farm B,Supermarket A,840,412,428,2026-04-01,45,30,7.5,Delivered,3,637.33,Late delivery and poor product freshness,4
2026-01-13,BATCH-1188,Lettuce,Farm C,Distributor X,2661,1465,1196,2026-01-21,219,13,3.5,Delayed,3,6091.31,Very fresh and reliable supplier,1
2026-02-11,BATCH-1189,Rucola,Farm A,Distributor X,781,655,126,2026-02-16,81,20,5.2,Delivered,2,1778.78,Excellent quality and fast delivery,3
2026-04-09,BATCH-1190,Baby Leaf,Farm B,Restaurant Group,1695,1043,652,2026-04-14,119,13,6.4,Delayed,0,2500.96,Delivery was late but product quality was acceptable,2
2026-03-23,BATCH-1191,Mixed Salad,Farm A,Supermarket A,2552,2038,514,2026-04-01,160,3,4.5,Delivered,2,7934.22,Fresh product and good packaging,1
2026-04-05,BATCH-1192,Lettuce,Farm B,Distributor X,772,453,319,2026-04-07,38,21,5.3,Delayed,1,1038.06,Excellent quality and fast delivery,1
2026-02-14,BATCH-1193,Spinach,Farm B,Supermarket A,1052,616,436,2026-02-17,73,33,7.2,Delivered,0,2539.46,Late delivery and poor product freshness,4
2026-03-01,BATCH-1194,Mixed Salad,Farm C,Supermarket A,810,803,7,2026-03-10,31,6,7.2,Delayed,2,3336.05,Poor freshness and damaged packaging,5
2026-02-09,BATCH-1195,Lettuce,Farm B,Distributor X,1949,727,1222,2026-02-15,167,27,6.6,Delivered,1,1256.41,Delivery was late but product quality was acceptable,4
2026-01-22,BATCH-1196,Mixed Salad,Farm B,Distributor X,1777,1111,666,2026-01-27,88,18,4.6,Delivered,3,2392.57,Late delivery and poor product freshness,4
2026-01-27,BATCH-1197,Baby Leaf,Farm A,Distributor X,1520,263,1257,2026-01-29,46,14,7.5,Delayed,1,539.9,Poor freshness and damaged packaging,4
2026-04-27,BATCH-1198,Baby Leaf,Farm C,Distributor X,1047,486,561,2026-04-30,106,39,5.0,Delayed,0,785.79,Late delivery and poor product freshness,5
2026-03-28,BATCH-1199,Mixed Salad,Farm A,Restaurant Group,2115,787,1328,2026-04-04,245,18,7.3,Delayed,2,2572.09,Fresh product and good packaging,5
2025-12-31,BATCH-1200,Baby Leaf,Farm B,Restaurant Group,1212,769,443,2026-01-03,58,26,6.1,Delivered,0,1232.53,Poor freshness and damaged packaging,2
2026-04-03,BATCH-1201,Baby Leaf,Farm D,Supermarket A,2892,326,2566,2026-04-05,371,37,5.2,Delivered,3,847.67,Excellent quality and fast delivery,4
2026-01-11,BATCH-1202,Mixed Salad,Farm D,Restaurant Group,2704,1349,1355,2026-01-14,276,27,7.0,Delayed,0,3156.07,Poor freshness and damaged packaging,2
2026-03-19,BATCH-1203,Spinach,Farm B,Distributor X,2554,1042,1512,2026-03-21,278,21,6.4,Delayed,2,4640.11,Delivery was late but product quality was acceptable,1
2026-02-04,BATCH-1204,Spinach,Farm C,Distributor X,2519,2053,466,2026-02-12,200,19,3.4,Delayed,2,5086.24,Delivery was late but product quality was acceptable,4
2026-03-02,BATCH-1205,Baby Leaf,Farm C,Supermarket A,2144,1938,206,2026-03-08,301,13,7.4,Delivered,2,8383.57,Excellent quality and fast delivery,3
2026-01-22,BATCH-1206,Mixed Salad,Farm C,Distributor X,845,350,495,2026-01-26,97,37,3.4,Delivered,3,682.84,Delivery was late but product quality was acceptable,3
2026-02-04,BATCH-1207,Spinach,Farm B,Distributor X,2104,380,1724,2026-02-11,82,2,6.5,Delivered,3,593.95,Packaging was damaged during transport,1
2025-12-31,BATCH-1208,Mixed Salad,Farm C,Restaurant Group,832,607,225,2026-01-09,37,35,2.6,Delayed,0,936.85,Late delivery and poor product freshness,4
2026-01-30,BATCH-1209,Baby Leaf,Farm C,Supermarket A,1877,1326,551,2026-02-03,221,3,2.4,Delayed,3,6060.37,Clean product and satisfied customer,1
2025-12-30,BATCH-1210,Baby Leaf,Farm B,Supermarket A,1478,794,684,2026-01-08,157,11,5.5,Delayed,1,3568.98,Spoiled leaves and bad smell reported,5
2026-03-12,BATCH-1211,Baby Leaf,Farm A,Supermarket A,1499,1112,387,2026-03-14,67,34,7.0,Delayed,3,3893.34,Packaging was damaged during transport,4
2026-03-06,BATCH-1212,Rucola,Farm C,Restaurant Group,2421,626,1795,2026-03-11,92,21,5.6,Delivered,1,2235.41,Delivery was late but product quality was acceptable,4
2026-03-05,BATCH-1213,Lettuce,Farm D,Restaurant Group,1678,447,1231,2026-03-10,172,2,5.9,Delayed,3,1610.22,Packaging was damaged during transport,1
2026-04-28,BATCH-1214,Rucola,Farm B,Supermarket A,1310,313,997,2026-05-04,11,5,2.3,Delayed,2,772.75,Fresh product and good packaging,1
2026-01-26,BATCH-1215,Mixed Salad,Farm D,Restaurant Group,1844,852,992,2026-01-30,236,19,3.2,Delivered,0,1294.42,Fresh product and good packaging,3
2026-04-09,BATCH-1216,Spinach,Farm C,Supermarket A,1091,964,127,2026-04-15,61,8,6.9,Delivered,0,4206.63,Spoiled leaves and bad smell reported,3
2026-03-01,BATCH-1217,Baby Leaf,Farm D,Distributor X,382,140,242,2026-03-08,18,10,2.8,Delayed,0,403.34,Delivery was late but product quality was acceptable,4
2026-02-16,BATCH-1218,Lettuce,Farm A,Supermarket A,655,208,447,2026-02-22,89,38,7.7,Delivered,3,940.18,Packaging was damaged during transport,5
2026-03-13,BATCH-1219,Lettuce,Farm B,Restaurant Group,926,788,138,2026-03-16,67,29,6.8,Delayed,1,1436.52,Late delivery and poor product freshness,4
2026-01-06,BATCH-1220,Mixed Salad,Farm C,Supermarket A,531,477,54,2026-01-14,1,28,6.1,Delayed,2,1706.62,Very fresh and reliable supplier,2
2026-03-09,BATCH-1221,Mixed Salad,Farm D,Restaurant Group,2960,1663,1297,2026-03-13,116,1,5.2,Delivered,3,8264.15,Excellent quality and fast delivery,1
2026-03-19,BATCH-1222,Rucola,Farm C,Supermarket A,467,334,133,2026-03-27,61,30,4.8,Delayed,0,579.77,Spoiled leaves and bad smell reported,3
2026-04-11,BATCH-1223,Rucola,Farm A,Restaurant Group,2667,474,2193,2026-04-14,29,33,4.3,Delivered,3,1672.0,Good quality but delivery delay,3
2026-03-12,BATCH-1224,Mixed Salad,Farm A,Restaurant Group,2919,2141,778,2026-03-17,379,32,5.2,Delayed,3,4452.64,Packaging was damaged during transport,4
2026-03-23,BATCH-1225,Rucola,Farm C,Distributor X,1791,932,859,2026-03-29,201,17,5.8,Delivered,2,1631.92,Fresh product and good packaging,1
2026-03-22,BATCH-1226,Spinach,Farm D,Restaurant Group,775,424,351,2026-03-24,30,3,3.0,Delayed,0,975.07,Late delivery and poor product freshness,3
2026-02-21,BATCH-1227,Lettuce,Farm B,Distributor X,2322,656,1666,2026-02-28,233,5,6.5,Delivered,0,1648.11,Spoiled leaves and bad smell reported,2
2026-03-23,BATCH-1228,Baby Leaf,Farm C,Distributor X,2417,223,2194,2026-03-30,195,17,7.0,Delivered,0,559.6,Poor freshness and damaged packaging,1
2026-01-10,BATCH-1229,Baby Leaf,Farm A,Supermarket A,1501,167,1334,2026-01-12,140,33,3.0,Delivered,2,740.63,Delivery was late but product quality was acceptable,2
2026-01-21,BATCH-1230,Mixed Salad,Farm B,Supermarket A,1639,1232,407,2026-01-27,173,20,7.8,Delivered,3,3345.46,Late delivery and poor product freshness,5
2026-01-20,BATCH-1231,Spinach,Farm C,Distributor X,1108,210,898,2026-01-26,16,34,7.3,Delayed,1,733.49,Very fresh and reliable supplier,3
2026-03-23,BATCH-1232,Lettuce,Farm A,Supermarket A,1198,619,579,2026-03-29,163,18,2.8,Delivered,0,2226.49,Clean product and satisfied customer,5
2026-03-13,BATCH-1233,Lettuce,Farm A,Supermarket A,2493,1610,883,2026-03-22,19,11,7.8,Delivered,2,5305.21,Poor freshness and damaged packaging,2
2026-01-19,BATCH-1234,Mixed Salad,Farm C,Supermarket A,1810,1540,270,2026-01-23,241,16,7.2,Delayed,2,4506.88,Delivery was late but product quality was acceptable,4
2026-04-22,BATCH-1235,Rucola,Farm D,Supermarket A,564,262,302,2026-04-24,80,32,7.4,Delivered,2,1203.14,Spoiled leaves and bad smell reported,5
2026-03-13,BATCH-1236,Spinach,Farm D,Restaurant Group,1924,386,1538,2026-03-19,213,2,6.2,Delayed,3,983.48,Excellent quality and fast delivery,1
2026-04-05,BATCH-1237,Rucola,Farm B,Distributor X,895,385,510,2026-04-09,18,7,8.0,Delayed,2,580.62,Delivery was late but product quality was acceptable,1
2026-03-24,BATCH-1238,Rucola,Farm C,Supermarket A,224,136,88,2026-03-30,7,4,6.9,Delivered,2,624.99,Delivery was late but product quality was acceptable,2
2026-02-25,BATCH-1239,Lettuce,Farm B,Distributor X,1001,483,518,2026-03-04,74,34,5.3,Delayed,3,1699.99,Excellent quality and fast delivery,5
2026-02-27,BATCH-1240,Spinach,Farm D,Supermarket A,2330,1246,1084,2026-03-07,161,15,4.9,Delayed,1,4965.79,Late delivery and poor product freshness,4
2026-03-26,BATCH-1241,Mixed Salad,Farm B,Supermarket A,2542,1338,1204,2026-04-03,52,38,3.4,Delivered,1,6591.57,Spoiled leaves and bad smell reported,3
2026-03-07,BATCH-1242,Rucola,Farm C,Distributor X,1504,825,679,2026-03-16,189,9,5.5,Delayed,1,1444.75,Excellent quality and fast delivery,2
2026-04-01,BATCH-1243,Lettuce,Farm A,Distributor X,1211,152,1059,2026-04-09,7,17,4.4,Delivered,1,697.22,Late delivery and poor product freshness,2
2026-02-13,BATCH-1244,Rucola,Farm C,Supermarket A,1939,1684,255,2026-02-16,153,17,3.7,Delayed,0,2895.49,Excellent quality and fast delivery,1
2026-04-23,BATCH-1245,Baby Leaf,Farm D,Distributor X,2572,988,1584,2026-04-25,64,18,5.4,Delayed,3,3459.32,Excellent quality and fast delivery,3
2026-04-16,BATCH-1246,Lettuce,Farm C,Supermarket A,1306,276,1030,2026-04-18,185,22,5.0,Delivered,3,1025.2,Late delivery and poor product freshness,2
2026-03-13,BATCH-1247,Baby Leaf,Farm C,Supermarket A,222,184,38,2026-03-19,32,23,6.6,Delivered,3,728.44,Good quality but delivery delay,5
2026-02-04,BATCH-1248,Baby Leaf,Farm B,Supermarket A,1946,1775,171,2026-02-10,27,34,4.7,Delayed,3,4953.09,Good quality but delivery delay,4
2026-02-17,BATCH-1249,Baby Leaf,Farm A,Distributor X,1236,309,927,2026-02-20,15,8,5.9,Delivered,1,1415.39,Fresh product and good packaging,4
2026-01-10,BATCH-1250,Baby Leaf,Farm B,Supermarket A,2078,1296,782,2026-01-19,263,6,2.8,Delivered,3,6364.75,Spoiled leaves and bad smell reported,4
2026-01-15,BATCH-1251,Rucola,Farm D,Supermarket A,1021,537,484,2026-01-20,12,9,5.3,Delivered,0,2098.68,Spoiled leaves and bad smell reported,2
2026-02-02,BATCH-1252,Mixed Salad,Farm A,Distributor X,597,237,360,2026-02-10,16,11,5.6,Delayed,0,740.47,Poor freshness and damaged packaging,2
2026-02-28,BATCH-1253,Lettuce,Farm D,Distributor X,2477,218,2259,2026-03-02,103,27,7.9,Delivered,1,339.93,Good quality but delivery delay,2
2026-03-23,BATCH-1254,Rucola,Farm A,Distributor X,1959,1624,335,2026-03-26,6,11,2.0,Delivered,0,6110.47,Packaging was damaged during transport,4
2026-01-08,BATCH-1255,Mixed Salad,Farm D,Supermarket A,506,259,247,2026-01-16,71,21,2.9,Delayed,2,1032.24,Excellent quality and fast delivery,2
2026-04-01,BATCH-1256,Lettuce,Farm B,Restaurant Group,1302,1247,55,2026-04-10,136,4,5.2,Delayed,1,4683.82,Clean product and satisfied customer,1
2026-04-12,BATCH-1257,Lettuce,Farm C,Restaurant Group,1794,1213,581,2026-04-14,25,24,6.7,Delivered,2,2443.43,Spoiled leaves and bad smell reported,4
2026-01-08,BATCH-1258,Rucola,Farm A,Distributor X,2194,590,1604,2026-01-13,101,23,6.3,Delivered,2,1010.2,Excellent quality and fast delivery,2
2026-01-06,BATCH-1259,Rucola,Farm C,Restaurant Group,2252,1943,309,2026-01-08,225,14,4.1,Delayed,0,9458.69,Clean product and satisfied customer,2
2026-02-10,BATCH-1260,Baby Leaf,Farm C,Restaurant Group,2961,2449,512,2026-02-14,5,28,4.9,Delivered,2,9453.68,Fresh product and good packaging,3
2026-02-11,BATCH-1261,Lettuce,Farm D,Restaurant Group,2297,1646,651,2026-02-13,271,3,7.7,Delayed,3,6569.24,Very fresh and reliable supplier,1
2026-02-12,BATCH-1262,Rucola,Farm B,Distributor X,1362,456,906,2026-02-20,54,37,5.7,Delayed,1,987.41,Delivery was late but product quality was acceptable,5
2026-03-01,BATCH-1263,Mixed Salad,Farm C,Supermarket A,2372,1396,976,2026-03-10,246,7,3.0,Delayed,1,5603.77,Fresh product and good packaging,3
2026-03-21,BATCH-1264,Lettuce,Farm D,Restaurant Group,2840,286,2554,2026-03-28,92,21,5.6,Delivered,1,1214.21,Very fresh and reliable supplier,3
2026-02-03,BATCH-1265,Lettuce,Farm D,Restaurant Group,1951,269,1682,2026-02-11,90,21,4.6,Delivered,0,856.26,Very fresh and reliable supplier,4
2026-04-20,BATCH-1266,Mixed Salad,Farm B,Distributor X,1661,1370,291,2026-04-22,159,24,6.6,Delivered,2,3936.84,Spoiled leaves and bad smell reported,3
2026-01-20,BATCH-1267,Baby Leaf,Farm D,Supermarket A,2965,373,2592,2026-01-25,180,26,4.5,Delivered,1,1737.37,Very fresh and reliable supplier,5
2026-04-09,BATCH-1268,Mixed Salad,Farm A,Supermarket A,1489,414,1075,2026-04-15,121,0,3.1,Delayed,3,1030.31,Poor freshness and damaged packaging,5
2026-04-18,BATCH-1269,Mixed Salad,Farm D,Restaurant Group,1146,760,386,2026-04-22,146,6,7.4,Delivered,1,3514.2,Spoiled leaves and bad smell reported,4
2026-04-06,BATCH-1270,Spinach,Farm D,Supermarket A,1073,183,890,2026-04-12,135,18,5.6,Delayed,3,681.89,Poor freshness and damaged packaging,2
2026-04-14,BATCH-1271,Mixed Salad,Farm C,Distributor X,2668,2020,648,2026-04-23,188,35,6.2,Delayed,3,7658.38,Delivery was late but product quality was acceptable,2
2026-03-03,BATCH-1272,Baby Leaf,Farm D,Distributor X,2680,2618,62,2026-03-09,68,30,2.8,Delayed,0,3927.11,Good quality but delivery delay,4
2026-03-06,BATCH-1273,Rucola,Farm B,Distributor X,1549,1480,69,2026-03-14,165,20,3.8,Delivered,3,2227.63,Poor freshness and damaged packaging,4
2026-02-12,BATCH-1274,Rucola,Farm A,Supermarket A,1734,519,1215,2026-02-20,29,36,6.3,Delivered,2,1108.4,Clean product and satisfied customer,4
2026-03-21,BATCH-1275,Baby Leaf,Farm B,Supermarket A,2751,1145,1606,2026-03-30,240,15,2.5,Delivered,1,4560.1,Excellent quality and fast delivery,1
2026-02-07,BATCH-1276,Rucola,Farm A,Distributor X,209,185,24,2026-02-09,26,20,5.4,Delivered,0,736.25,Delivery was late but product quality was acceptable,4
2026-02-07,BATCH-1277,Spinach,Farm D,Distributor X,2736,994,1742,2026-02-16,378,5,7.5,Delivered,1,4027.13,Good quality but delivery delay,1
2026-03-26,BATCH-1278,Baby Leaf,Farm A,Supermarket A,962,780,182,2026-04-02,5,19,7.9,Delivered,0,3084.19,Packaging was damaged during transport,1
2026-02-07,BATCH-1279,Lettuce,Farm B,Supermarket A,1697,1223,474,2026-02-11,42,34,2.1,Delayed,0,5987.69,Packaging was damaged during transport,4
2026-01-31,BATCH-1280,Rucola,Farm A,Distributor X,1101,988,113,2026-02-06,26,15,7.2,Delivered,3,4248.41,Delivery was late but product quality was acceptable,3
2026-02-12,BATCH-1281,Spinach,Farm A,Distributor X,1090,654,436,2026-02-17,150,1,7.2,Delivered,0,2804.6,Packaging was damaged during transport,3
2026-01-05,BATCH-1282,Spinach,Farm D,Supermarket A,794,278,516,2026-01-07,11,10,3.1,Delayed,0,1326.75,Spoiled leaves and bad smell reported,1
2026-04-01,BATCH-1283,Mixed Salad,Farm A,Restaurant Group,2365,987,1378,2026-04-04,18,21,4.0,Delayed,1,2772.21,Poor freshness and damaged packaging,1
2026-04-16,BATCH-1284,Mixed Salad,Farm D,Restaurant Group,1307,490,817,2026-04-22,147,28,4.0,Delivered,1,2303.76,Late delivery and poor product freshness,2
2026-02-26,BATCH-1285,Rucola,Farm B,Restaurant Group,1892,301,1591,2026-03-01,168,4,3.1,Delayed,0,666.88,Fresh product and good packaging,4
2026-02-17,BATCH-1286,Spinach,Farm A,Distributor X,2634,877,1757,2026-02-26,1,23,5.9,Delayed,1,3168.36,Packaging was damaged during transport,3
2026-03-31,BATCH-1287,Lettuce,Farm C,Supermarket A,1718,329,1389,2026-04-07,147,18,5.7,Delivered,1,801.41,Excellent quality and fast delivery,3
2026-04-23,BATCH-1288,Spinach,Farm A,Supermarket A,1942,1406,536,2026-05-02,47,5,3.9,Delayed,2,5050.13,Poor freshness and damaged packaging,1
2026-02-05,BATCH-1289,Baby Leaf,Farm C,Distributor X,1377,365,1012,2026-02-12,178,20,3.2,Delayed,3,1443.21,Good quality but delivery delay,5
2026-04-01,BATCH-1290,Baby Leaf,Farm D,Distributor X,1672,980,692,2026-04-03,136,35,7.6,Delayed,3,3959.24,Very fresh and reliable supplier,1
2026-02-14,BATCH-1291,Spinach,Farm C,Distributor X,569,382,187,2026-02-20,24,27,7.2,Delayed,0,1258.52,Very fresh and reliable supplier,3
2025-12-30,BATCH-1292,Mixed Salad,Farm A,Supermarket A,1059,884,175,2026-01-02,38,22,2.3,Delayed,2,1417.29,Fresh product and good packaging,1
2026-01-09,BATCH-1293,Spinach,Farm D,Distributor X,268,142,126,2026-01-15,2,32,6.0,Delayed,1,685.89,Very fresh and reliable supplier,2
2026-03-22,BATCH-1294,Lettuce,Farm C,Distributor X,2886,374,2512,2026-03-28,173,2,5.7,Delivered,2,1526.93,Late delivery and poor product freshness,3
2026-01-09,BATCH-1295,Baby Leaf,Farm B,Distributor X,689,172,517,2026-01-11,38,27,7.5,Delivered,0,279.07,Spoiled leaves and bad smell reported,2
2026-02-27,BATCH-1296,Lettuce,Farm B,Restaurant Group,562,222,340,2026-03-08,35,36,6.7,Delayed,1,721.56,Very fresh and reliable supplier,1
2026-02-11,BATCH-1297,Baby Leaf,Farm C,Restaurant Group,455,234,221,2026-02-20,67,27,2.6,Delivered,2,686.52,Excellent quality and fast delivery,1
2026-04-28,BATCH-1298,Baby Leaf,Farm D,Supermarket A,1837,1161,676,2026-05-04,201,27,6.0,Delivered,2,5049.7,Poor freshness and damaged packaging,3
2026-03-25,BATCH-1299,Rucola,Farm D,Distributor X,1163,168,995,2026-04-03,22,24,4.1,Delivered,1,739.19,Good quality but delivery delay,5
2026-03-05,BATCH-1300,Baby Leaf,Farm D,Restaurant Group,2037,643,1394,2026-03-08,176,38,3.4,Delivered,0,2997.96,Clean product and satisfied customer,3
2026-01-10,BATCH-1301,Rucola,Farm B,Supermarket A,2794,761,2033,2026-01-13,86,16,4.1,Delayed,2,2245.56,Clean product and satisfied customer,1
2026-03-31,BATCH-1302,Baby Leaf,Farm D,Restaurant Group,1900,1722,178,2026-04-05,111,22,4.6,Delivered,3,7784.13,Spoiled leaves and bad smell reported,4
2026-04-11,BATCH-1303,Rucola,Farm B,Supermarket A,1829,761,1068,2026-04-18,234,31,7.3,Delayed,1,2085.1,Delivery was late but product quality was acceptable,4
2026-03-26,BATCH-1304,Lettuce,Farm C,Restaurant Group,1936,1357,579,2026-04-03,246,18,4.0,Delayed,3,4751.8,Good quality but delivery delay,1
2026-02-26,BATCH-1305,Spinach,Farm D,Distributor X,218,166,52,2026-03-01,0,28,5.0,Delivered,0,754.78,Excellent quality and fast delivery,5
2026-03-12,BATCH-1306,Rucola,Farm A,Supermarket A,438,304,134,2026-03-18,38,23,6.2,Delivered,0,872.94,Fresh product and good packaging,3
2026-04-22,BATCH-1307,Baby Leaf,Farm A,Supermarket A,1537,916,621,2026-04-29,16,24,6.0,Delivered,2,4213.3,Very fresh and reliable supplier,4
2026-04-13,BATCH-1308,Rucola,Farm A,Supermarket A,2272,1196,1076,2026-04-20,335,6,4.7,Delivered,2,5372.92,Delivery was late but product quality was acceptable,3
2026-03-07,BATCH-1309,Spinach,Farm C,Restaurant Group,741,156,585,2026-03-16,7,21,4.9,Delivered,0,639.72,Poor freshness and damaged packaging,1
2026-03-11,BATCH-1310,Spinach,Farm A,Supermarket A,884,181,703,2026-03-18,78,19,8.0,Delivered,1,474.96,Delivery was late but product quality was acceptable,3
2026-03-06,BATCH-1311,Mixed Salad,Farm C,Restaurant Group,405,139,266,2026-03-11,58,10,5.9,Delivered,3,212.57,Excellent quality and fast delivery,1
2026-04-20,BATCH-1312,Lettuce,Farm B,Supermarket A,2595,770,1825,2026-04-29,206,24,5.5,Delivered,1,2631.95,Packaging was damaged during transport,2
2026-01-03,BATCH-1313,Lettuce,Farm A,Distributor X,2732,1334,1398,2026-01-11,91,8,4.1,Delayed,0,2741.87,Packaging was damaged during transport,3
2026-04-08,BATCH-1314,Spinach,Farm A,Supermarket A,1057,903,154,2026-04-15,61,11,4.8,Delivered,2,2210.81,Late delivery and poor product freshness,3
2026-03-03,BATCH-1315,Lettuce,Farm B,Distributor X,1154,485,669,2026-03-11,79,16,5.5,Delayed,3,1480.95,Packaging was damaged during transport,2
2026-02-26,BATCH-1316,Rucola,Farm C,Distributor X,2983,1492,1491,2026-03-05,221,0,5.2,Delayed,3,4656.39,Poor freshness and damaged packaging,2
2026-01-16,BATCH-1317,Lettuce,Farm B,Supermarket A,1174,487,687,2026-01-21,160,27,3.3,Delivered,2,1180.5,Spoiled leaves and bad smell reported,3
2026-02-09,BATCH-1318,Spinach,Farm D,Restaurant Group,1740,927,813,2026-02-11,55,39,6.4,Delivered,3,3553.84,Excellent quality and fast delivery,2
2026-04-21,BATCH-1319,Baby Leaf,Farm D,Restaurant Group,2578,1305,1273,2026-04-30,26,19,7.4,Delivered,2,5617.66,Very fresh and reliable supplier,3
2026-01-10,BATCH-1320,Baby Leaf,Farm A,Supermarket A,1898,450,1448,2026-01-14,186,20,6.7,Delivered,1,1167.63,Spoiled leaves and bad smell reported,3
2026-02-02,BATCH-1321,Rucola,Farm D,Distributor X,365,213,152,2026-02-10,42,34,7.6,Delivered,0,619.44,Delivery was late but product quality was acceptable,1
2026-02-20,BATCH-1322,Mixed Salad,Farm C,Restaurant Group,1796,1664,132,2026-02-23,60,24,3.4,Delivered,2,7901.73,Excellent quality and fast delivery,4
2026-02-19,BATCH-1323,Mixed Salad,Farm A,Restaurant Group,1538,1000,538,2026-02-24,112,19,7.6,Delayed,2,4822.2,Excellent quality and fast delivery,3
2026-03-05,BATCH-1324,Mixed Salad,Farm A,Supermarket A,2941,1845,1096,2026-03-13,424,24,5.9,Delayed,1,3776.2,Packaging was damaged during transport,4
2026-02-23,BATCH-1325,Lettuce,Farm B,Restaurant Group,1878,715,1163,2026-02-26,208,28,7.7,Delayed,3,2787.7,Fresh product and good packaging,3
2026-03-17,BATCH-1326,Lettuce,Farm B,Restaurant Group,406,367,39,2026-03-21,27,25,4.4,Delivered,1,1286.01,Clean product and satisfied customer,2
2026-03-24,BATCH-1327,Mixed Salad,Farm B,Supermarket A,1810,975,835,2026-04-02,208,19,7.3,Delayed,1,3711.49,Packaging was damaged during transport,5
2026-03-01,BATCH-1328,Mixed Salad,Farm A,Distributor X,1462,1051,411,2026-03-10,72,34,3.2,Delivered,1,4119.12,Packaging was damaged during transport,1
2026-04-21,BATCH-1329,Baby Leaf,Farm B,Restaurant Group,1430,706,724,2026-04-26,123,38,4.6,Delayed,0,2712.86,Very fresh and reliable supplier,5
2026-04-10,BATCH-1330,Spinach,Farm B,Distributor X,693,622,71,2026-04-15,57,33,4.8,Delayed,1,2984.57,Poor freshness and damaged packaging,5
2026-02-04,BATCH-1331,Lettuce,Farm D,Distributor X,2240,1931,309,2026-02-13,109,7,3.3,Delayed,3,8483.2,Fresh product and good packaging,4
2026-04-16,BATCH-1332,Spinach,Farm B,Distributor X,235,200,35,2026-04-19,23,22,2.6,Delivered,2,794.67,Spoiled leaves and bad smell reported,2
2026-03-20,BATCH-1333,Mixed Salad,Farm D,Restaurant Group,2485,2043,442,2026-03-28,144,0,4.8,Delivered,1,8944.94,Very fresh and reliable supplier,5
2026-03-04,BATCH-1334,Baby Leaf,Farm A,Restaurant Group,425,364,61,2026-03-08,11,39,6.0,Delayed,2,603.28,Packaging was damaged during transport,5
2026-02-07,BATCH-1335,Lettuce,Farm B,Distributor X,2640,139,2501,2026-02-13,81,12,6.4,Delivered,3,443.57,Delivery was late but product quality was acceptable,4
2026-02-17,BATCH-1336,Spinach,Farm D,Distributor X,426,147,279,2026-02-25,3,24,5.1,Delayed,0,678.35,Fresh product and good packaging,5
2026-04-23,BATCH-1337,Lettuce,Farm B,Restaurant Group,1178,1116,62,2026-05-01,53,3,7.8,Delayed,0,4570.7,Clean product and satisfied customer,4
2026-03-07,BATCH-1338,Lettuce,Farm C,Supermarket A,1957,1574,383,2026-03-14,225,15,3.7,Delivered,1,7704.33,Late delivery and poor product freshness,1
2026-04-23,BATCH-1339,Mixed Salad,Farm D,Distributor X,1429,1005,424,2026-04-28,176,30,5.4,Delivered,1,4984.62,Good quality but delivery delay,5
2026-02-04,BATCH-1340,Lettuce,Farm A,Supermarket A,582,505,77,2026-02-12,41,19,4.3,Delivered,1,1226.54,Fresh product and good packaging,5
2026-04-12,BATCH-1341,Mixed Salad,Farm B,Distributor X,1551,208,1343,2026-04-16,12,38,2.0,Delayed,0,823.41,Packaging was damaged during transport,2
2026-01-01,BATCH-1342,Rucola,Farm B,Distributor X,921,610,311,2026-01-07,95,28,6.2,Delayed,0,2354.84,Spoiled leaves and bad smell reported,1
2026-03-20,BATCH-1343,Rucola,Farm D,Restaurant Group,1690,727,963,2026-03-25,222,22,5.8,Delayed,0,3260.91,Good quality but delivery delay,1
2026-03-16,BATCH-1344,Spinach,Farm D,Supermarket A,2986,1966,1020,2026-03-25,270,11,6.3,Delayed,0,7134.85,Late delivery and poor product freshness,3
2026-02-26,BATCH-1345,Mixed Salad,Farm D,Restaurant Group,1491,1444,47,2026-03-05,114,10,5.4,Delivered,0,3231.29,Very fresh and reliable supplier,5
2026-02-03,BATCH-1346,Spinach,Farm B,Supermarket A,623,506,117,2026-02-09,63,7,6.7,Delivered,2,1370.14,Fresh product and good packaging,5
2026-01-04,BATCH-1347,Mixed Salad,Farm C,Distributor X,1673,1186,487,2026-01-06,5,18,3.2,Delayed,1,4351.03,Spoiled leaves and bad smell reported,3
2026-01-03,BATCH-1348,Baby Leaf,Farm D,Restaurant Group,2424,2205,219,2026-01-12,104,35,5.7,Delayed,2,5714.43,Delivery was late but product quality was acceptable,3
2026-04-01,BATCH-1349,Spinach,Farm D,Supermarket A,1096,1037,59,2026-04-09,113,3,3.2,Delivered,0,2426.54,Late delivery and poor product freshness,4
2026-03-29,BATCH-1350,Baby Leaf,Farm A,Distributor X,2719,1498,1221,2026-04-01,66,23,4.8,Delayed,0,6185.42,Late delivery and poor product freshness,2
2026-02-05,BATCH-1351,Mixed Salad,Farm B,Distributor X,351,104,247,2026-02-14,48,14,4.8,Delivered,0,246.8,Excellent quality and fast delivery,2
2026-02-04,BATCH-1352,Lettuce,Farm C,Distributor X,339,314,25,2026-02-13,0,24,6.4,Delivered,1,1134.57,Poor freshness and damaged packaging,1
2026-01-03,BATCH-1353,Baby Leaf,Farm A,Restaurant Group,1692,545,1147,2026-01-09,142,14,4.6,Delivered,3,1039.88,Spoiled leaves and bad smell reported,1
2026-01-12,BATCH-1354,Lettuce,Farm C,Restaurant Group,1526,570,956,2026-01-18,219,34,5.4,Delivered,3,2647.28,Excellent quality and fast delivery,2
2026-01-30,BATCH-1355,Mixed Salad,Farm A,Supermarket A,1208,602,606,2026-02-02,180,36,2.7,Delivered,1,1355.36,Good quality but delivery delay,3
2026-01-07,BATCH-1356,Lettuce,Farm C,Restaurant Group,1737,1572,165,2026-01-11,107,11,7.2,Delivered,2,6474.38,Clean product and satisfied customer,4
2026-01-25,BATCH-1357,Spinach,Farm A,Distributor X,2704,714,1990,2026-01-28,246,30,2.3,Delayed,0,2215.36,Late delivery and poor product freshness,5
2026-01-08,BATCH-1358,Spinach,Farm B,Restaurant Group,2632,860,1772,2026-01-14,334,16,2.5,Delivered,0,3679.73,Fresh product and good packaging,1
2026-01-01,BATCH-1359,Rucola,Farm B,Supermarket A,2849,1776,1073,2026-01-10,77,5,5.4,Delayed,2,3531.75,Clean product and satisfied customer,5
2026-04-02,BATCH-1360,Baby Leaf,Farm D,Distributor X,468,340,128,2026-04-07,5,4,7.6,Delivered,2,1142.57,Very fresh and reliable supplier,5
2026-01-29,BATCH-1361,Mixed Salad,Farm D,Restaurant Group,589,297,292,2026-02-01,3,16,7.6,Delayed,0,678.33,Packaging was damaged during transport,3
2026-02-25,BATCH-1362,Mixed Salad,Farm A,Distributor X,2998,1103,1895,2026-03-01,403,35,6.1,Delayed,3,1835.12,Late delivery and poor product freshness,5
2026-04-12,BATCH-1363,Rucola,Farm C,Supermarket A,2610,1173,1437,2026-04-19,313,13,3.7,Delivered,2,2941.91,Late delivery and poor product freshness,3
2026-02-08,BATCH-1364,Lettuce,Farm A,Restaurant Group,931,289,642,2026-02-13,95,1,5.3,Delayed,3,941.71,Good quality but delivery delay,5
2026-02-22,BATCH-1365,Mixed Salad,Farm C,Restaurant Group,2830,975,1855,2026-02-28,312,15,4.4,Delayed,1,3275.54,Spoiled leaves and bad smell reported,5
2026-01-26,BATCH-1366,Baby Leaf,Farm C,Supermarket A,622,270,352,2026-02-02,5,3,6.6,Delayed,3,814.91,Late delivery and poor product freshness,2
2026-01-23,BATCH-1367,Lettuce,Farm B,Distributor X,656,301,355,2026-01-31,66,10,6.3,Delayed,3,793.2,Fresh product and good packaging,1
2026-02-05,BATCH-1368,Mixed Salad,Farm B,Supermarket A,2663,825,1838,2026-02-10,149,10,4.7,Delayed,2,4118.14,Packaging was damaged during transport,1
2026-04-11,BATCH-1369,Spinach,Farm C,Supermarket A,2360,940,1420,2026-04-19,68,22,4.5,Delayed,1,1972.38,Good quality but delivery delay,2
2026-02-10,BATCH-1370,Rucola,Farm A,Restaurant Group,1216,705,511,2026-02-14,115,33,2.5,Delivered,2,3105.9,Clean product and satisfied customer,5
2026-04-22,BATCH-1371,Spinach,Farm D,Supermarket A,2750,1571,1179,2026-04-25,53,10,4.5,Delivered,1,7073.97,Very fresh and reliable supplier,1
2026-01-11,BATCH-1372,Spinach,Farm D,Supermarket A,690,530,160,2026-01-16,102,1,2.4,Delivered,2,1845.06,Late delivery and poor product freshness,4
2026-04-17,BATCH-1373,Rucola,Farm C,Supermarket A,340,142,198,2026-04-19,35,20,2.5,Delayed,3,309.04,Clean product and satisfied customer,5
2026-03-13,BATCH-1374,Spinach,Farm C,Supermarket A,275,200,75,2026-03-18,36,28,4.0,Delayed,2,670.96,Delivery was late but product quality was acceptable,5
2026-01-13,BATCH-1375,Lettuce,Farm A,Supermarket A,263,126,137,2026-01-20,35,1,4.5,Delayed,1,214.0,Poor freshness and damaged packaging,5
2026-04-10,BATCH-1376,Baby Leaf,Farm C,Restaurant Group,670,133,537,2026-04-17,92,35,7.3,Delayed,2,337.89,Packaging was damaged during transport,3
2026-04-10,BATCH-1377,Lettuce,Farm C,Distributor X,1773,681,1092,2026-04-12,147,8,5.3,Delayed,1,1129.46,Packaging was damaged during transport,3
2026-03-23,BATCH-1378,Baby Leaf,Farm D,Restaurant Group,477,423,54,2026-03-29,41,8,2.9,Delivered,3,2081.36,Delivery was late but product quality was acceptable,1
2026-02-03,BATCH-1379,Mixed Salad,Farm C,Supermarket A,1412,514,898,2026-02-12,65,9,4.6,Delayed,3,1786.05,Packaging was damaged during transport,5
2026-03-29,BATCH-1380,Baby Leaf,Farm D,Distributor X,2376,1006,1370,2026-04-01,305,11,2.2,Delivered,2,5001.7,Fresh product and good packaging,4
2026-03-07,BATCH-1381,Spinach,Farm B,Distributor X,2865,2858,7,2026-03-10,295,10,7.1,Delayed,2,11053.87,Fresh product and good packaging,2
2026-03-11,BATCH-1382,Lettuce,Farm B,Supermarket A,855,415,440,2026-03-20,124,9,6.2,Delayed,0,1530.79,Good quality but delivery delay,2
2026-03-13,BATCH-1383,Baby Leaf,Farm B,Supermarket A,620,345,275,2026-03-18,26,15,4.0,Delayed,0,1639.1,Late delivery and poor product freshness,1
2026-02-12,BATCH-1384,Spinach,Farm D,Supermarket A,2081,300,1781,2026-02-15,175,19,4.9,Delayed,0,1156.49,Poor freshness and damaged packaging,3
2026-04-27,BATCH-1385,Spinach,Farm A,Distributor X,1894,668,1226,2026-05-02,100,27,3.0,Delivered,3,1850.12,Spoiled leaves and bad smell reported,2
2026-01-31,BATCH-1386,Spinach,Farm D,Restaurant Group,873,227,646,2026-02-09,35,35,6.4,Delivered,3,1130.56,Late delivery and poor product freshness,1
2026-01-23,BATCH-1387,Spinach,Farm B,Distributor X,363,247,116,2026-01-31,31,15,3.3,Delayed,0,918.34,Packaging was damaged during transport,4
2026-04-13,BATCH-1388,Baby Leaf,Farm C,Restaurant Group,1560,1104,456,2026-04-22,14,16,7.0,Delivered,3,4166.78,Poor freshness and damaged packaging,3
2026-02-10,BATCH-1389,Rucola,Farm A,Distributor X,1046,142,904,2026-02-14,16,27,3.5,Delayed,1,481.53,Late delivery and poor product freshness,5
2026-02-04,BATCH-1390,Rucola,Farm A,Restaurant Group,2538,1768,770,2026-02-12,94,21,6.0,Delivered,3,4048.8,Late delivery and poor product freshness,1
2026-02-04,BATCH-1391,Mixed Salad,Farm C,Distributor X,2078,707,1371,2026-02-11,53,25,2.4,Delayed,1,2208.21,Very fresh and reliable supplier,5
2026-01-08,BATCH-1392,Spinach,Farm A,Restaurant Group,328,180,148,2026-01-17,28,32,5.8,Delivered,0,634.45,Poor freshness and damaged packaging,5
2026-04-09,BATCH-1393,Mixed Salad,Farm B,Distributor X,1902,1895,7,2026-04-16,172,12,6.0,Delivered,1,4882.19,Spoiled leaves and bad smell reported,5
2026-02-02,BATCH-1394,Lettuce,Farm D,Restaurant Group,1266,310,956,2026-02-05,114,25,3.8,Delivered,3,1302.09,Late delivery and poor product freshness,3
2026-01-07,BATCH-1395,Lettuce,Farm C,Distributor X,1774,534,1240,2026-01-15,153,26,7.6,Delayed,2,1308.97,Clean product and satisfied customer,4
2026-01-17,BATCH-1396,Rucola,Farm C,Distributor X,1592,1343,249,2026-01-22,117,6,5.8,Delivered,3,2907.29,Very fresh and reliable supplier,4
2026-03-17,BATCH-1397,Baby Leaf,Farm D,Supermarket A,1852,1544,308,2026-03-23,88,3,4.4,Delivered,2,4770.41,Clean product and satisfied customer,1
2026-02-01,BATCH-1398,Spinach,Farm D,Distributor X,2676,890,1786,2026-02-09,312,25,6.9,Delivered,2,1573.99,Delivery was late but product quality was acceptable,4
2026-04-12,BATCH-1399,Lettuce,Farm A,Supermarket A,919,849,70,2026-04-20,109,24,4.5,Delayed,2,3233.77,Clean product and satisfied customer,4
2026-03-22,BATCH-1400,Spinach,Farm A,Supermarket A,2464,1972,492,2026-03-25,137,6,5.2,Delayed,1,8950.1,Fresh product and good packaging,1
2026-01-11,BATCH-1401,Lettuce,Farm A,Distributor X,1411,1029,382,2026-01-18,3,0,2.3,Delayed,0,1898.59,Late delivery and poor product freshness,5
2026-04-05,BATCH-1402,Lettuce,Farm C,Distributor X,2539,2069,470,2026-04-09,31,13,2.9,Delayed,3,9467.11,Delivery was late but product quality was acceptable,3
2026-03-01,BATCH-1403,Rucola,Farm C,Restaurant Group,2507,520,1987,2026-03-04,38,3,3.2,Delayed,2,2220.37,Poor freshness and damaged packaging,2
2026-01-29,BATCH-1404,Baby Leaf,Farm A,Distributor X,892,354,538,2026-02-01,89,22,4.0,Delayed,1,1278.53,Late delivery and poor product freshness,3
2026-01-18,BATCH-1405,Rucola,Farm B,Supermarket A,2854,1480,1374,2026-01-21,228,11,7.7,Delivered,2,7309.46,Spoiled leaves and bad smell reported,4
2025-12-31,BATCH-1406,Mixed Salad,Farm B,Supermarket A,1764,1284,480,2026-01-08,257,38,4.3,Delayed,1,4619.98,Excellent quality and fast delivery,4
2026-03-22,BATCH-1407,Rucola,Farm D,Distributor X,1644,1309,335,2026-03-30,121,10,7.0,Delayed,3,3581.24,Late delivery and poor product freshness,2
2026-03-16,BATCH-1408,Spinach,Farm A,Distributor X,582,233,349,2026-03-18,84,15,7.2,Delivered,3,688.03,Delivery was late but product quality was acceptable,1
2026-04-20,BATCH-1409,Baby Leaf,Farm C,Supermarket A,1153,528,625,2026-04-23,52,31,7.0,Delivered,2,1482.8,Packaging was damaged during transport,5
2026-01-08,BATCH-1410,Spinach,Farm D,Supermarket A,1610,1462,148,2026-01-16,34,5,4.3,Delayed,0,7066.51,Delivery was late but product quality was acceptable,2
2026-02-04,BATCH-1411,Baby Leaf,Farm C,Supermarket A,374,278,96,2026-02-13,22,15,5.4,Delayed,0,959.81,Spoiled leaves and bad smell reported,1
2026-02-17,BATCH-1412,Spinach,Farm A,Restaurant Group,2262,938,1324,2026-02-26,112,36,4.7,Delayed,2,3341.39,Late delivery and poor product freshness,1
2026-01-30,BATCH-1413,Rucola,Farm A,Restaurant Group,505,111,394,2026-02-06,40,35,4.1,Delivered,1,432.36,Good quality but delivery delay,2
2026-02-26,BATCH-1414,Mixed Salad,Farm D,Distributor X,1364,757,607,2026-02-28,91,26,6.6,Delivered,3,2865.55,Fresh product and good packaging,4
2026-03-14,BATCH-1415,Mixed Salad,Farm B,Restaurant Group,1472,1093,379,2026-03-23,23,38,4.4,Delivered,0,2010.44,Clean product and satisfied customer,2
2026-01-08,BATCH-1416,Spinach,Farm C,Distributor X,1289,912,377,2026-01-13,113,10,7.1,Delivered,0,3561.85,Clean product and satisfied customer,5
2026-03-16,BATCH-1417,Rucola,Farm C,Distributor X,1951,332,1619,2026-03-24,213,22,2.1,Delivered,1,1439.76,Fresh product and good packaging,3
2026-04-01,BATCH-1418,Rucola,Farm A,Restaurant Group,891,352,539,2026-04-05,97,34,4.8,Delayed,0,1290.13,Clean product and satisfied customer,4
2026-01-07,BATCH-1419,Baby Leaf,Farm B,Distributor X,618,543,75,2026-01-15,85,20,4.6,Delivered,0,1591.97,Clean product and satisfied customer,3
2026-02-24,BATCH-1420,Baby Leaf,Farm C,Restaurant Group,1118,451,667,2026-03-04,148,38,5.3,Delivered,3,1008.15,Delivery was late but product quality was acceptable,3
2026-03-18,BATCH-1421,Lettuce,Farm C,Restaurant Group,1358,1173,185,2026-03-22,136,30,3.2,Delayed,3,2295.29,Fresh product and good packaging,4
2026-01-18,BATCH-1422,Rucola,Farm D,Supermarket A,2876,1727,1149,2026-01-21,24,5,7.4,Delivered,1,3142.42,Excellent quality and fast delivery,3
2025-12-31,BATCH-1423,Mixed Salad,Farm B,Supermarket A,1578,1348,230,2026-01-05,124,23,5.1,Delayed,0,2948.12,Fresh product and good packaging,4
2026-01-12,BATCH-1424,Spinach,Farm A,Distributor X,544,499,45,2026-01-20,24,15,3.8,Delivered,0,1320.34,Fresh product and good packaging,2
2026-02-08,BATCH-1425,Spinach,Farm A,Supermarket A,1662,1525,137,2026-02-14,133,20,4.6,Delayed,0,2722.91,Packaging was damaged during transport,2
2026-04-19,BATCH-1426,Lettuce,Farm B,Supermarket A,2789,2140,649,2026-04-21,14,3,5.9,Delivered,0,9191.93,Poor freshness and damaged packaging,1
2026-04-13,BATCH-1427,Rucola,Farm D,Supermarket A,342,198,144,2026-04-21,4,19,6.8,Delivered,1,862.54,Poor freshness and damaged packaging,2
2026-01-10,BATCH-1428,Mixed Salad,Farm D,Distributor X,1318,716,602,2026-01-17,8,29,3.5,Delivered,0,1420.14,Poor freshness and damaged packaging,5
2026-04-17,BATCH-1429,Lettuce,Farm D,Supermarket A,748,173,575,2026-04-22,70,1,6.1,Delayed,2,635.13,Packaging was damaged during transport,5
2026-04-06,BATCH-1430,Rucola,Farm C,Restaurant Group,378,296,82,2026-04-11,43,16,3.1,Delivered,0,887.6,Very fresh and reliable supplier,3
2026-03-02,BATCH-1431,Lettuce,Farm D,Supermarket A,793,686,107,2026-03-06,85,18,5.1,Delayed,3,2978.8,Good quality but delivery delay,4
2026-04-14,BATCH-1432,Rucola,Farm C,Restaurant Group,416,134,282,2026-04-19,6,29,4.0,Delivered,3,429.02,Late delivery and poor product freshness,3
2026-02-16,BATCH-1433,Lettuce,Farm C,Restaurant Group,1955,1715,240,2026-02-18,190,12,7.2,Delayed,1,4215.37,Clean product and satisfied customer,2
2026-02-01,BATCH-1434,Rucola,Farm B,Distributor X,2381,2044,337,2026-02-04,114,33,2.4,Delivered,1,3102.77,Delivery was late but product quality was acceptable,2
2026-03-12,BATCH-1435,Mixed Salad,Farm D,Distributor X,2268,665,1603,2026-03-17,111,31,6.7,Delivered,0,3293.73,Late delivery and poor product freshness,4
2026-03-25,BATCH-1436,Baby Leaf,Farm D,Distributor X,578,486,92,2026-03-29,0,26,3.3,Delivered,3,1059.9,Very fresh and reliable supplier,5
2026-03-27,BATCH-1437,Lettuce,Farm A,Supermarket A,889,674,215,2026-03-31,126,16,4.8,Delivered,3,2967.94,Poor freshness and damaged packaging,3
2026-01-03,BATCH-1438,Baby Leaf,Farm A,Distributor X,646,467,179,2026-01-11,16,23,2.8,Delayed,1,1201.15,Excellent quality and fast delivery,3
2026-04-14,BATCH-1439,Mixed Salad,Farm B,Distributor X,761,346,415,2026-04-20,104,33,6.7,Delayed,0,687.64,Poor freshness and damaged packaging,1
2026-04-16,BATCH-1440,Lettuce,Farm B,Supermarket A,1224,645,579,2026-04-22,97,17,4.6,Delivered,2,2108.71,Good quality but delivery delay,3
2026-03-06,BATCH-1441,Rucola,Farm D,Restaurant Group,2633,1480,1153,2026-03-12,339,20,4.5,Delayed,2,6856.39,Excellent quality and fast delivery,2
2026-01-06,BATCH-1442,Spinach,Farm C,Restaurant Group,1138,947,191,2026-01-11,84,38,3.9,Delayed,0,4720.86,Spoiled leaves and bad smell reported,5
2026-04-09,BATCH-1443,Mixed Salad,Farm A,Supermarket A,2695,1651,1044,2026-04-18,200,4,7.2,Delayed,0,5676.77,Clean product and satisfied customer,2
2026-03-05,BATCH-1444,Mixed Salad,Farm B,Supermarket A,356,265,91,2026-03-08,6,0,3.4,Delivered,3,682.89,Excellent quality and fast delivery,3
2026-03-17,BATCH-1445,Rucola,Farm D,Restaurant Group,2306,1667,639,2026-03-19,227,5,2.6,Delayed,2,6877.9,Late delivery and poor product freshness,1
2026-04-16,BATCH-1446,Baby Leaf,Farm A,Supermarket A,1241,793,448,2026-04-20,38,16,7.2,Delivered,1,1217.01,Very fresh and reliable supplier,2
2026-03-02,BATCH-1447,Spinach,Farm B,Distributor X,2058,170,1888,2026-03-11,69,21,6.7,Delayed,1,492.19,Excellent quality and fast delivery,3
2026-03-31,BATCH-1448,Rucola,Farm C,Distributor X,2721,1969,752,2026-04-05,297,5,4.0,Delayed,2,2957.62,Fresh product and good packaging,1
2026-01-06,BATCH-1449,Mixed Salad,Farm B,Distributor X,735,483,252,2026-01-08,54,34,4.2,Delivered,1,2376.96,Delivery was late but product quality was acceptable,1
2026-03-18,BATCH-1450,Spinach,Farm C,Restaurant Group,2857,2084,773,2026-03-20,293,13,6.0,Delivered,1,9805.9,Delivery was late but product quality was acceptable,3
2026-03-03,BATCH-1451,Baby Leaf,Farm A,Supermarket A,1705,1237,468,2026-03-09,197,36,3.0,Delivered,2,5050.15,Clean product and satisfied customer,2
2026-02-08,BATCH-1452,Spinach,Farm D,Distributor X,264,199,65,2026-02-10,22,6,3.2,Delivered,3,499.77,Poor freshness and damaged packaging,3
2026-04-27,BATCH-1453,Baby Leaf,Farm A,Supermarket A,1233,533,700,2026-05-02,69,21,6.4,Delayed,0,1090.1,Spoiled leaves and bad smell reported,2
2026-02-18,BATCH-1454,Baby Leaf,Farm A,Distributor X,2458,1001,1457,2026-02-26,334,26,4.1,Delivered,3,2128.96,Good quality but delivery delay,5
2026-02-27,BATCH-1455,Baby Leaf,Farm B,Distributor X,1790,1732,58,2026-03-07,66,22,5.8,Delivered,0,5817.59,Packaging was damaged during transport,3
2026-03-02,BATCH-1456,Rucola,Farm A,Supermarket A,2279,2026,253,2026-03-09,179,31,7.6,Delayed,2,8887.71,Poor freshness and damaged packaging,5
2026-02-28,BATCH-1457,Spinach,Farm C,Supermarket A,2321,1314,1007,2026-03-09,14,26,6.3,Delayed,1,4138.55,Very fresh and reliable supplier,2
2026-03-24,BATCH-1458,Rucola,Farm C,Restaurant Group,2361,2160,201,2026-04-02,202,9,6.4,Delayed,2,3898.26,Good quality but delivery delay,5
2026-01-31,BATCH-1459,Rucola,Farm A,Supermarket A,565,219,346,2026-02-02,1,31,4.9,Delayed,3,564.34,Fresh product and good packaging,1
2026-01-02,BATCH-1460,Spinach,Farm C,Supermarket A,2615,1217,1398,2026-01-08,182,28,5.3,Delivered,0,2658.05,Poor freshness and damaged packaging,5
2026-03-15,BATCH-1461,Rucola,Farm A,Distributor X,1305,172,1133,2026-03-20,81,19,5.5,Delivered,2,290.82,Spoiled leaves and bad smell reported,3
2026-01-29,BATCH-1462,Spinach,Farm B,Restaurant Group,2171,828,1343,2026-02-03,180,2,4.1,Delayed,2,2890.83,Fresh product and good packaging,4
2026-03-11,BATCH-1463,Spinach,Farm C,Supermarket A,842,148,694,2026-03-18,6,35,6.8,Delivered,1,426.64,Fresh product and good packaging,1
2026-04-19,BATCH-1464,Spinach,Farm D,Supermarket A,1341,563,778,2026-04-27,91,5,5.8,Delayed,2,2321.13,Very fresh and reliable supplier,2
2026-02-10,BATCH-1465,Spinach,Farm A,Supermarket A,398,260,138,2026-02-15,2,3,6.3,Delivered,1,778.67,Fresh product and good packaging,4
2026-01-29,BATCH-1466,Spinach,Farm D,Restaurant Group,755,689,66,2026-02-04,27,35,2.3,Delayed,0,1896.72,Packaging was damaged during transport,1
2026-03-12,BATCH-1467,Lettuce,Farm D,Distributor X,1603,229,1374,2026-03-19,130,11,6.2,Delayed,3,678.76,Delivery was late but product quality was acceptable,2
2026-03-16,BATCH-1468,Baby Leaf,Farm D,Restaurant Group,1732,337,1395,2026-03-19,11,29,4.0,Delayed,2,1160.71,Delivery was late but product quality was acceptable,4
2026-04-02,BATCH-1469,Baby Leaf,Farm D,Distributor X,2812,2766,46,2026-04-06,68,10,3.6,Delivered,1,11311.66,Spoiled leaves and bad smell reported,5
2026-04-20,BATCH-1470,Rucola,Farm B,Supermarket A,1610,192,1418,2026-04-29,148,10,6.2,Delayed,3,784.44,Packaging was damaged during transport,2
2026-04-17,BATCH-1471,Spinach,Farm A,Restaurant Group,2029,463,1566,2026-04-20,144,2,3.8,Delivered,0,1609.14,Poor freshness and damaged packaging,2
2026-04-16,BATCH-1472,Baby Leaf,Farm B,Supermarket A,1065,205,860,2026-04-21,81,4,2.7,Delayed,0,824.91,Clean product and satisfied customer,5
2026-03-09,BATCH-1473,Spinach,Farm C,Supermarket A,2899,1125,1774,2026-03-14,9,20,6.8,Delayed,3,2022.05,Clean product and satisfied customer,2
2026-02-03,BATCH-1474,Lettuce,Farm B,Restaurant Group,1053,760,293,2026-02-11,19,23,4.3,Delivered,0,3067.69,Clean product and satisfied customer,5
2026-03-16,BATCH-1475,Spinach,Farm C,Restaurant Group,285,143,142,2026-03-19,5,16,5.7,Delayed,3,376.97,Late delivery and poor product freshness,5
2025-12-30,BATCH-1476,Rucola,Farm B,Distributor X,269,184,85,2026-01-08,32,17,2.4,Delivered,3,815.33,Very fresh and reliable supplier,3
2026-02-14,BATCH-1477,Spinach,Farm D,Restaurant Group,309,279,30,2026-02-17,24,10,6.8,Delivered,3,833.47,Packaging was damaged during transport,5
2026-03-29,BATCH-1478,Rucola,Farm A,Restaurant Group,2823,554,2269,2026-04-01,174,32,4.4,Delayed,2,2500.09,Clean product and satisfied customer,2
2026-01-09,BATCH-1479,Lettuce,Farm A,Restaurant Group,2335,1665,670,2026-01-17,176,10,7.2,Delayed,3,5508.15,Late delivery and poor product freshness,1
2026-02-20,BATCH-1480,Mixed Salad,Farm B,Distributor X,2457,840,1617,2026-02-24,309,15,3.9,Delayed,1,1425.3,Late delivery and poor product freshness,2
2026-03-03,BATCH-1481,Spinach,Farm B,Restaurant Group,2359,104,2255,2026-03-09,338,28,3.3,Delayed,2,193.26,Excellent quality and fast delivery,3
2026-01-11,BATCH-1482,Baby Leaf,Farm A,Restaurant Group,867,693,174,2026-01-16,1,36,4.4,Delayed,3,1878.38,Packaging was damaged during transport,4
2026-02-15,BATCH-1483,Baby Leaf,Farm C,Restaurant Group,2791,1520,1271,2026-02-20,332,14,3.2,Delivered,2,6325.33,Delivery was late but product quality was acceptable,4
2026-02-03,BATCH-1484,Lettuce,Farm C,Restaurant Group,2957,2724,233,2026-02-09,420,22,4.0,Delayed,0,5496.63,Packaging was damaged during transport,5
2026-04-06,BATCH-1485,Baby Leaf,Farm C,Distributor X,2882,1089,1793,2026-04-12,361,24,2.1,Delayed,0,2783.85,Fresh product and good packaging,4
2026-04-20,BATCH-1486,Mixed Salad,Farm A,Restaurant Group,2771,383,2388,2026-04-27,225,12,4.7,Delivered,3,1664.41,Very fresh and reliable supplier,4
2026-03-07,BATCH-1487,Rucola,Farm D,Supermarket A,744,170,574,2026-03-16,50,9,2.2,Delivered,1,439.63,Delivery was late but product quality was acceptable,3
2026-04-19,BATCH-1488,Lettuce,Farm C,Restaurant Group,1619,1113,506,2026-04-28,231,35,7.9,Delayed,1,4793.07,Delivery was late but product quality was acceptable,1
2026-02-27,BATCH-1489,Mixed Salad,Farm C,Restaurant Group,1532,757,775,2026-03-07,120,33,6.5,Delayed,0,2746.96,Excellent quality and fast delivery,4
2026-03-18,BATCH-1490,Spinach,Farm A,Distributor X,2835,965,1870,2026-03-27,217,16,4.4,Delivered,3,3417.62,Very fresh and reliable supplier,2
2026-03-11,BATCH-1491,Lettuce,Farm A,Distributor X,1669,393,1276,2026-03-13,67,6,3.5,Delivered,3,769.77,Late delivery and poor product freshness,3
2026-03-17,BATCH-1492,Spinach,Farm D,Supermarket A,888,479,409,2026-03-25,26,3,7.6,Delayed,3,1515.61,Delivery was late but product quality was acceptable,1
2026-02-02,BATCH-1493,Spinach,Farm C,Supermarket A,1337,1116,221,2026-02-07,54,20,4.5,Delivered,3,2470.8,Packaging was damaged during transport,5
2026-02-04,BATCH-1494,Lettuce,Farm D,Supermarket A,406,250,156,2026-02-10,14,16,4.8,Delivered,2,641.79,Excellent quality and fast delivery,4
2026-01-19,BATCH-1495,Mixed Salad,Farm A,Distributor X,1691,919,772,2026-01-21,171,3,4.3,Delayed,0,1401.47,Very fresh and reliable supplier,1
2026-02-11,BATCH-1496,Mixed Salad,Farm D,Distributor X,430,109,321,2026-02-17,7,0,6.3,Delivered,1,233.81,Spoiled leaves and bad smell reported,1
2026-04-20,BATCH-1497,Spinach,Farm A,Restaurant Group,1368,168,1200,2026-04-28,51,39,4.6,Delivered,2,712.7,Fresh product and good packaging,5
2026-02-10,BATCH-1498,Baby Leaf,Farm C,Supermarket A,1215,708,507,2026-02-15,121,9,5.1,Delivered,0,3007.7,Spoiled leaves and bad smell reported,4
2026-02-08,BATCH-1499,Lettuce,Farm D,Restaurant Group,2047,1361,686,2026-02-15,24,27,3.6,Delivered,1,3586.44,Good quality but delivery delay,5
